{
  "Custom Directory" : "No",
  "Tags" : [

  ],
  "Ansi 12 Color" : {
    "Red Component" : 0.56862745098039214,
    "Color Space" : "sRGB",
    "Blue Component" : 0.89411764705882357,
    "Alpha Component" : 1,
    "Green Component" : 0.8784313725490196
  },
  "Ansi 5 Color" : {
    "Red Component" : 0.85490196078431369,
    "Color Space" : "sRGB",
    "Blue Component" : 0.83921568627450982,
    "Alpha Component" : 1,
    "Green Component" : 0.4392156862745098
  },
  "Use Non-ASCII Font" : false,
  "Bold Color" : {
    "Red Component" : 0.60773354768753052,
    "Color Space" : "Calibrated",
    "Blue Component" : 0.70040369033813477,
    "Alpha Component" : 1,
    "Green Component" : 0.63625657558441162
  },
  "Right Option Key Sends" : 0,
  "Has Hotkey" : false,
  "Normal Font" : "Menlo-Regular 11",
  "Rows" : 60,
  "Default Bookmark" : "No",
  "Ansi 6 Color" : {
    "Red Component" : 0.28184390068054199,
    "Color Space" : "Calibrated",
    "Blue Component" : 0.70909905433654785,
    "Alpha Component" : 1,
    "Green Component" : 0.65958327054977417
  },
  "Ansi 3 Color" : {
    "Red Component" : 0.94509803921568625,
    "Color Space" : "sRGB",
    "Blue Component" : 0.6588235294117647,
    "Alpha Component" : 1,
    "Green Component" : 0.89411764705882357
  },
  "Cursor Guide Color" : {
    "Red Component" : 0.64999997615814209,
    "Color Space" : "Calibrated",
    "Blue Component" : 1,
    "Alpha Component" : 0.25,
    "Green Component" : 0.9100000262260437
  },
  "Non-ASCII Anti Aliased" : true,
  "Use Bright Bold" : true,
  "Ansi 10 Color" : {
    "Red Component" : 0.76470588235294112,
    "Color Space" : "sRGB",
    "Blue Component" : 0.76470588235294112,
    "Alpha Component" : 1,
    "Green Component" : 0.94509803921568625
  },
  "Ambiguous Double Width" : false,
  "Jobs to Ignore" : [
    "rlogin",
    "ssh",
    "slogin",
    "telnet"
  ],
  "Ansi 15 Color" : {
    "Red Component" : 0.91764705882352937,
    "Color Space" : "sRGB",
    "Blue Component" : 0.82745098039215681,
    "Alpha Component" : 1,
    "Green Component" : 0.91764705882352937
  },
  "Foreground Color" : {
    "Red Component" : 0.91764705882352937,
    "Color Space" : "sRGB",
    "Blue Component" : 0.82745098039215681,
    "Alpha Component" : 1,
    "Green Component" : 0.91764705882352937
  },
  "Bound Hosts" : [

  ],
  "Working Directory" : "\/Users\/gman",
  "Blinking Cursor" : false,
  "Use Tab Color" : false,
  "Sync Title" : false,
  "Prompt Before Closing 2" : false,
  "BM Growl" : true,
  "Command" : "",
  "Description" : "Default",
  "Mouse Reporting" : true,
  "Space" : 0,
  "Screen" : -2,
  "Selection Color" : {
    "Red Component" : 0.18584296107292175,
    "Color Space" : "Calibrated",
    "Blue Component" : 0.25302234292030334,
    "Alpha Component" : 1,
    "Green Component" : 0.2037905752658844
  },
  "Disable Window Resizing" : true,
  "Only The Default BG Color Uses Transparency" : false,
  "Columns" : 170,
  "Idle Code" : 0,
  "Ansi 13 Color" : {
    "Red Component" : 0.85490196078431369,
    "Color Space" : "sRGB",
    "Blue Component" : 0.83921568627450982,
    "Alpha Component" : 1,
    "Green Component" : 0.4392156862745098
  },
  "Custom Command" : "No",
  "ASCII Anti Aliased" : true,
  "Non Ascii Font" : "Monaco 12",
  "Vertical Spacing" : 1,
  "Use Bold Font" : true,
  "Option Key Sends" : 2,
  "Selected Text Color" : {
    "Red Component" : 0.60773354768753052,
    "Color Space" : "Calibrated",
    "Blue Component" : 0.70040369033813477,
    "Alpha Component" : 1,
    "Green Component" : 0.63625657558441162
  },
  "Background Color" : {
    "Red Component" : 0.13333333333333333,
    "Color Space" : "sRGB",
    "Blue Component" : 0.17254901960784313,
    "Alpha Component" : 1,
    "Green Component" : 0.15686274509803921
  },
  "Character Encoding" : 4,
  "Ansi 11 Color" : {
    "Red Component" : 0.94509803921568625,
    "Color Space" : "sRGB",
    "Blue Component" : 0.6588235294117647,
    "Alpha Component" : 1,
    "Green Component" : 0.89411764705882357
  },
  "Use Italic Font" : true,
  "Unlimited Scrollback" : false,
  "Keyboard Map" : {
    "0xf700-0x260000" : {
      "Text" : "[1;6A",
      "Action" : 10
    },
    "0x37-0x40000" : {
      "Text" : "0x1f",
      "Action" : 11
    },
    "0x32-0x40000" : {
      "Text" : "0x00",
      "Action" : 11
    },
    "0xf709-0x20000" : {
      "Text" : "[17;2~",
      "Action" : 10
    },
    "0xf70c-0x20000" : {
      "Text" : "[20;2~",
      "Action" : 10
    },
    "0xf729-0x20000" : {
      "Text" : "[1;2H",
      "Action" : 10
    },
    "0xf72b-0x40000" : {
      "Text" : "[1;5F",
      "Action" : 10
    },
    "0xf705-0x20000" : {
      "Text" : "[1;2Q",
      "Action" : 10
    },
    "0xf703-0x260000" : {
      "Text" : "[1;6C",
      "Action" : 10
    },
    "0xf700-0x220000" : {
      "Text" : "[1;2A",
      "Action" : 10
    },
    "0xf701-0x280000" : {
      "Text" : "0x1b 0x1b 0x5b 0x42",
      "Action" : 11
    },
    "0x38-0x40000" : {
      "Text" : "0x7f",
      "Action" : 11
    },
    "0x33-0x40000" : {
      "Text" : "0x1b",
      "Action" : 11
    },
    "0xf703-0x220000" : {
      "Text" : "[1;2C",
      "Action" : 10
    },
    "0xf701-0x240000" : {
      "Text" : "[1;5B",
      "Action" : 10
    },
    "0xf703-0x280000-0x0" : {
      "Version" : 0,
      "Action" : 10,
      "Text" : "b",
      "Label" : ""
    },
    "0xf70d-0x20000" : {
      "Text" : "[21;2~",
      "Action" : 10
    },
    "0xf702-0x260000" : {
      "Text" : "[1;6D",
      "Action" : 10
    },
    "0xf729-0x40000" : {
      "Text" : "[1;5H",
      "Action" : 10
    },
    "0xf706-0x20000" : {
      "Text" : "[1;2R",
      "Action" : 10
    },
    "0x34-0x40000" : {
      "Text" : "0x1c",
      "Action" : 11
    },
    "0xf700-0x280000" : {
      "Text" : "0x1b 0x1b 0x5b 0x41",
      "Action" : 11
    },
    "0x2d-0x40000" : {
      "Text" : "0x1f",
      "Action" : 11
    },
    "0xf70e-0x20000" : {
      "Text" : "[23;2~",
      "Action" : 10
    },
    "0xf702-0x220000" : {
      "Text" : "[1;2D",
      "Action" : 10
    },
    "0xf700-0x240000" : {
      "Text" : "[1;5A",
      "Action" : 10
    },
    "0xf707-0x20000" : {
      "Text" : "[1;2S",
      "Action" : 10
    },
    "0xf70a-0x20000" : {
      "Text" : "[18;2~",
      "Action" : 10
    },
    "0x35-0x40000" : {
      "Text" : "0x1d",
      "Action" : 11
    },
    "0xf70f-0x20000" : {
      "Text" : "[24;2~",
      "Action" : 10
    },
    "0xf703-0x240000" : {
      "Text" : "[1;5C",
      "Action" : 10
    },
    "0xf701-0x260000" : {
      "Text" : "[1;6B",
      "Action" : 10
    },
    "0xf72b-0x20000" : {
      "Text" : "[1;2F",
      "Action" : 10
    },
    "0x36-0x40000" : {
      "Text" : "0x1e",
      "Action" : 11
    },
    "0xf708-0x20000" : {
      "Text" : "[15;2~",
      "Action" : 10
    },
    "0xf701-0x220000" : {
      "Text" : "[1;2B",
      "Action" : 10
    },
    "0xf70b-0x20000" : {
      "Text" : "[19;2~",
      "Action" : 10
    },
    "0xf702-0x280000-0x0" : {
      "Version" : 0,
      "Action" : 10,
      "Text" : "b",
      "Label" : ""
    },
    "0xf702-0x240000" : {
      "Text" : "[1;5D",
      "Action" : 10
    },
    "0xf704-0x20000" : {
      "Text" : "[1;2P",
      "Action" : 10
    }
  },
  "Window Type" : 12,
  "Blur Radius" : 27.699143949468084,
  "Background Image Location" : "",
  "Blur" : true,
  "Badge Color" : {
    "Red Component" : 1,
    "Color Space" : "Calibrated",
    "Blue Component" : 0,
    "Alpha Component" : 0.5,
    "Green Component" : 0
  },
  "Scrollback Lines" : 1000,
  "Send Code When Idle" : false,
  "Close Sessions On End" : true,
  "Terminal Type" : "xterm-256color",
  "Visual Bell" : true,
  "Flashing Bell" : false,
  "Underline Color" : {
    "Red Component" : 0.913848876953125,
    "Color Space" : "sRGB",
    "Blue Component" : 0.17389845801517367,
    "Alpha Component" : 1,
    "Green Component" : 0.17389845801517367
  },
  "Silence Bell" : false,